payout,asr,sharpe,sortino,std_dev,max_dd,smart_sharpe
lr,0.05070392483506494,2.7795408737326586,2.468555392325327,295.6326546603442,0.0205399177967414,-0.0,2.309473442855267
feature_intelligence1,0.050831636374025976,2.738894189602317,2.470847665168249,348.0393572074176,0.02057254969240067,-0.0,2.3388478405490907
feature_intelligence2,0.05073217442987014,2.982115647459632,2.5619626543095384,128.1005994783548,0.019802074142077106,-0.0,2.4593259756857333
feature_intelligence3,0.05067355601168831,2.9743958246413276,2.550732843782071,245.1766322933733,0.019866273386966178,-0.0,2.4584095154099153
feature_intelligence4,0.05042833035064935,2.705096593418779,2.4980356383644264,340.03305343695,0.020187194120123517,-0.0,2.317541163095089
feature_intelligence5,0.05062700007142858,2.8172707709386695,2.4414240860040195,209.18387488087504,0.02073666773489234,-0.0,2.307204080843547
feature_intelligence6,0.050856325470129866,2.782880267255697,2.4491610427306165,280.7479641700208,0.020764794385847808,-0.0,2.279129533764155
feature_intelligence7,0.050821084470129875,2.716680450164211,2.4216411031731435,209.7785453530765,0.020986216497373453,-0.0,2.2579189218795936
feature_intelligence8,0.05080531212337662,2.6808050850022527,2.4573249487830657,314.02616365405913,0.020675048348219798,-0.0,2.2800109551676924
feature_intelligence9,0.05106949689870131,2.9177251224147156,2.492543832456275,481.21154439376306,0.02048890624658541,-0.0,2.3064125680511465
feature_intelligence10,0.05103325337532469,2.9141323548092903,2.5006072087929536,830.6013301135138,0.020408344499637954,-0.0,2.301313510544381
feature_intelligence11,0.05065423825714286,2.7442277881188892,2.500394891382327,424.4423915034728,0.020258495340765553,-0.0,2.333000144759274
feature_intelligence12,0.05060811778441559,2.8368082100310335,2.4428546317597513,223.99224321522956,0.020716794657551597,-0.0,2.297591920532607
feature_charisma1,0.04880494882337664,2.551642815851085,2.3487933760392217,64.885910336436,0.02077873231474988,-0.0,2.1833392587340414
feature_charisma2,0.05038950397402598,2.5039442551580766,2.3833424563288044,138.96258975909313,0.02114236829047377,-0.0,2.248220906612259
feature_charisma3,0.050701806827272725,2.796913160663893,2.4555263637615097,686.2295219894933,0.0206480401006996,-0.0,2.289791549903292
feature_charisma4,0.05044558802337663,2.7158938395345285,2.4434516472952548,481.8826313446337,0.020645216400830634,-0.0,2.2943869956365672
feature_charisma5,0.05012199593636364,2.7928820586216028,2.461113928609112,inf,0.02036557322833481,-0.0,2.354946996700177
feature_charisma6,0.04842615478441558,2.700312835545066,2.3783402923536086,inf,0.020361322952861804,-0.0,2.27324229347918
feature_charisma7,0.05066483301558442,2.7462605714458586,2.4460832845546356,161.6635191446733,0.02071263612956216,-0.0,2.283174346239429
feature_charisma8,0.05070499164285715,2.771473046455205,2.4779942716624896,862.2436774383438,0.020462110111674755,-0.0,2.3862602439220044
feature_charisma9,0.04873263298051948,2.383805325600682,2.2442829900643417,37.00842755832423,0.02171412125666129,-0.0,2.096506032040448
feature_charisma10,0.049164786185714286,2.6655164171626295,2.4013095436803216,107.95797356051968,0.02047415599338468,-0.0,2.3397956702338756
feature_charisma11,0.04947387778701299,2.6785678773490105,2.385552459306712,148.01812351701992,0.020738960316718864,-0.0,2.2881913984936335
feature_charisma12,0.050527769875324674,2.8144592626266616,2.474209258764977,316.54757032286324,0.020421785140577013,-0.0,2.313239585332529
feature_charisma13,0.049803593996103894,2.5657748277792805,2.427027669822393,86.69468074184164,0.020520406345325457,-0.0,2.268785356610705
feature_charisma14,0.050264231127272734,2.7022643586199333,2.425919532834757,887.8598290206612,0.020719661327157676,-0.0,2.2782259163406087
feature_charisma15,0.05064859128441559,2.7843197171727008,2.4836906130621608,1023.5847474141639,0.020392472000355374,-0.0,2.392158929510384
feature_charisma16,0.04987315433896105,2.58847397275693,2.4235843224264864,88.30955858154694,0.020578262483984124,-0.0,2.295024499557215
feature_charisma17,0.05036837144025974,2.632447723286035,2.420920118591143,645.3196890473673,0.02080546609260766,-0.0,2.272180647696572
feature_charisma18,0.04858478708181819,2.4968411217592363,2.3290294183325595,81.37275085118684,0.02086052958343561,-0.0,2.2689604848547464
feature_charisma19,0.04855543475844156,2.4952203193826192,2.3008218051262808,62.39437042457092,0.02110351816479616,-0.0,2.125948467181712
feature_charisma20,0.05062711202987013,2.87698472986984,2.4738197152334283,297.6196460603832,0.020465158280579467,-0.0,2.3244075649368665
feature_charisma21,0.050113571338961035,2.5689867138218583,2.40693270554262,81.70542046898133,0.020820512024935657,-0.0,2.2274310556617025
feature_charisma22,0.05075092505584417,2.767790527708035,2.468507830782292,133.62634873481977,0.020559353477829865,-0.0,2.297021731618499
feature_charisma23,0.05042679941558442,2.8317386852723327,2.461339955343096,inf,0.020487539442130914,-0.0,2.3451843203198335
feature_charisma24,0.05020880822987013,2.487831911680179,2.3711524326882225,91.27892127447721,0.021174854698374414,-0.0,2.2463404091245747
feature_charisma25,0.05067934840389611,2.707211409445493,2.449812128742467,289.56570470314335,0.02068703465433112,-0.0,2.2890501348888015
feature_charisma26,0.04968368850389611,2.6305226120446834,2.396390978064954,76.217658839056,0.020732713884616134,-0.0,2.238737287030642
feature_charisma27,0.050321221971428576,2.776560311976065,2.4378659603239825,144.6027992665739,0.02064150482036391,-0.0,2.266676049447913
feature_charisma28,0.04989662069870131,2.6630367214519683,2.405469217091062,107.75001942954901,0.020742988662744717,-0.0,2.2356930347618085
feature_charisma29,0.04978645280779221,2.67388926327026,2.3797264439390373,315.22440861570374,0.020921082309520958,-0.0,2.2611097150928243
feature_charisma30,0.05033258308831169,2.724255001190797,2.4158820679351622,3212.81090389883,0.020834039772202377,-0.0,2.2673321827411126
feature_charisma31,0.05029004456623377,2.796847864071349,2.4624097726720775,inf,0.020423101436793625,-0.0,2.3299184439666347
feature_charisma32,0.05035212294025974,2.794417132521375,2.437269562198028,496.1693408983285,0.02065923430104718,-0.0,2.2811954899520615
feature_charisma33,0.0501274565051948,2.6447940678102517,2.41332747596233,746.2695060899894,0.020771095926468145,-0.0,2.2637592376459663
feature_charisma34,0.04963486146623377,2.661347106386181,2.4093385619200083,122.61406025411603,0.02060103227114732,-0.0,2.253506248159981
feature_charisma35,0.05006699998701299,2.6316482100521172,2.4362383234651084,98.65012877445048,0.020550945079872866,-0.0,2.289721842489741
feature_charisma36,0.05033625970649351,2.5793742493099163,2.4074503971204813,69.15497721809895,0.020908534508831428,-0.0,2.253530164316777
feature_charisma37,0.04859902520649351,2.3827631799574536,2.2812136518308406,48.53719945953336,0.021304021728736033,-0.0,2.2022484263061073
feature_charisma38,0.05039251310389611,2.734806617970666,2.4242159599097266,31030.097202251367,0.02078713857892951,-0.0,2.281824516727154
feature_charisma39,0.05033850327272728,2.787126261248234,2.4493489475638617,inf,0.020551789210269233,-0.0,2.33114436157657
feature_charisma40,0.049195546697402594,2.5560951491752975,2.368382444711965,160.06210533867056,0.02077179165351633,-0.0,2.265245333674415
feature_charisma41,0.0503404604922078,2.818123130678659,2.439383262257574,210054.76920888707,0.020636552390549425,-0.0,2.3136118654166427
feature_charisma42,0.04941307784415585,2.596109514104258,2.3772177746839698,312.86885193694536,0.02078609640663859,-0.0,2.243363148756803
feature_charisma43,0.05008750693116883,2.6369341102436366,2.4033812377509687,188.6929855175824,0.02084043352940527,-0.0,2.234502457033091
feature_charisma44,0.05044130909740259,2.7856755328676024,2.465827699198318,1516.9837099902886,0.020456136944930058,-0.0,2.3114473745303656
feature_charisma45,0.0507106552961039,2.784105346198209,2.451935916259882,506.2613038006463,0.020681884448862996,-0.0,2.2834916445324014
feature_charisma46,0.04895234348181818,2.646424403962411,2.3110811087809187,158.10867379683978,0.02118157744261959,-0.0,2.2535348355012728
feature_charisma47,0.05074935301558442,2.731799326868112,2.460793261279488,319.8731252068933,0.020623168071094815,-0.0,2.299893037114831
feature_charisma48,0.050300509572727276,2.791203304160785,2.4257576055948364,466.2631342666453,0.020735999943569276,-0.0,2.2737479784201016
feature_charisma49,0.05058223367272727,2.8440584106311175,2.5053917639914287,175.62478790401548,0.02018935098283508,-0.0,2.341833425624724
feature_charisma50,0.049950867249350654,2.568075555130151,2.4439612583348955,131.07949920113344,0.02043848570798658,-0.0,2.2912217740301823
feature_charisma51,0.05028160783636364,2.804203819135672,2.4672512484483886,inf,0.020379605793283056,-0.0,2.3336490015062816
feature_charisma52,0.05018295451558441,2.6895580794663236,2.400623525886237,239.74411158032967,0.020904133436357285,-0.0,2.234661389066036
feature_charisma53,0.049815784016883115,2.713464099474856,2.409629466660096,199.90789861726356,0.020673628334206523,-0.0,2.24491704473041
feature_charisma54,0.048359753537662344,2.666630380530175,2.365073456988071,1246.8492664458158,0.020447463648443565,-0.0,2.2727334897066496
feature_charisma55,0.04939813158961039,2.6114246818030766,2.3947850399622923,67.70507518193841,0.020627376054757802,-0.0,2.2504405082315637
feature_charisma56,0.050600575649350645,2.7604714458213464,2.449337031440422,121.49621545369847,0.020658886465940184,-0.0,2.287549217346118
feature_charisma57,0.04989169512987013,2.707811064612151,2.4142437891673962,69.85066807207437,0.02066555803259469,-0.0,2.286675780324668
feature_charisma58,0.04943076746493507,2.5817967572397658,2.3823699089863526,43.977632366216724,0.020748569430163264,-0.0,2.2495653622123486
feature_charisma59,0.05035241039610391,2.801602398071967,2.444391414621036,525.6767780192752,0.02059916022242708,-0.0,2.3149016834236176
feature_charisma60,0.05079544401818182,2.784236790233377,2.4736126914528436,149.99713323102114,0.02053492213785004,-0.0,2.3067610171000905
feature_charisma61,0.04927702926233766,2.5426243230927486,2.3469124449973933,166.06995921216114,0.020996534986797256,-0.0,2.236826480555947
feature_charisma62,0.05028048373506494,2.6900150146762916,2.41795681541066,247.90620649250246,0.020794616105054557,-0.0,2.2554774924392977
feature_charisma63,0.0495757452,2.5771508574352917,2.323662617281045,105.93887604602932,0.021335173545120493,-0.0,2.2119566541033784
feature_charisma64,0.05059085556623377,2.896549254463168,2.4804098925771445,1525.7929964553266,0.02039616747120368,-0.0,2.325779458386094
feature_charisma65,0.05056073172857144,2.7451404931052,2.4404666046203993,125.17920649886977,0.020717649499012863,-0.0,2.2747042232192998
feature_charisma66,0.049046764179220784,2.66316022782694,2.334065015583508,203.90004411284926,0.021013452432454744,-0.0,2.271579364003206
feature_charisma67,0.049438503561038974,2.595257479123717,2.3941677107819053,61.98206524507333,0.020649557396667493,-0.0,2.234013245683022
feature_charisma68,0.050360243596103894,2.7408522915503153,2.446875547428351,inf,0.020581448716928883,-0.0,2.2888178490674136
feature_charisma69,0.0486188770935065,2.3880429990443885,2.2701252220987014,36.619554489357654,0.021416826094094923,-0.0,2.1332057319893187
feature_charisma70,0.05016657323896104,2.6023955078773953,2.4185416738490475,167.96573798590708,0.02074248865810206,-0.0,2.2702040860587633
feature_charisma71,0.0496953369935065,2.7322463994416695,2.402339911173424,2680.933405868615,0.020686222113020132,-0.0,2.3050673685320193
feature_charisma72,0.05060244841038961,2.7643137927929997,2.4529659816112033,184.86829026327572,0.020629086905294938,-0.0,2.2938359074881607
feature_charisma73,0.05061710639480519,2.8350200344419734,2.4926255840524214,162.179530607728,0.020306742704820396,-0.0,2.3355316678384708
feature_charisma74,0.050422562692207795,2.8011954291079917,2.471497663582382,inf,0.020401622641682528,-0.0,2.327234919295251
feature_charisma75,0.04926610005324676,2.5938226584605406,2.3520578776846865,394.79912558644656,0.02094595567594757,-0.0,2.243936848385145
feature_charisma76,0.04877807524805195,2.4565859973499733,2.3135445791674565,63.55758747603427,0.02108369801354986,-0.0,2.2593124439334287
feature_charisma77,0.050159341571428574,2.7722752885059627,2.4310105611297694,123.55092183778154,0.02063312367845819,-0.0,2.2464576004208454
feature_charisma78,0.04920758238701299,2.68515145108227,2.4097631307877694,149.12011986642852,0.020420090986671652,-0.0,2.319750306225865
feature_charisma79,0.05018307206363636,2.8376261499039805,2.4628539205396645,inf,0.020375983993658937,-0.0,2.3320768473653732
feature_charisma80,0.05053858787792209,2.8116436317459623,2.471940914028273,319.3711432723659,0.02044490124788802,-0.0,2.3044038705942116
feature_charisma81,0.04884050230909093,2.4632144449464306,2.3096855065858266,51.61926926882768,0.021145953494459458,-0.0,2.2247326965835863
feature_charisma82,0.05023285670779221,2.7138195201979496,2.427415529802914,1765.4737631654334,0.020693966933576762,-0.0,2.2773751967982068
feature_charisma83,0.04994361987142858,2.721093080575393,2.426812780191865,84.14016860731435,0.02057992288448391,-0.0,2.3015112176695256
feature_charisma84,0.05017134766623376,2.6392478345991193,2.4086826793078444,436.22064255304747,0.020829372045242142,-0.0,2.3088785936262513
feature_charisma85,0.04990481831168832,2.6434069191682306,2.3489844589781397,271.2153539652598,0.02124527393995532,-0.0,2.2310506211778396
feature_charisma86,0.05007963263766234,2.638820807376681,2.4022043111801024,822.0587003981748,0.02084736606482082,-0.0,2.31166209616659
feature_strength1,0.04896180491688312,2.822639326927473,2.4256590465099923,242.61790764490874,0.020184949318136344,-0.0,2.347180264920164
feature_strength2,0.05072023515194805,2.796791316142968,2.470243520761374,287.2784388456549,0.020532483832328866,-0.0,2.3288957289881855
feature_strength3,0.05028565125974027,2.661299488370972,2.443727085316684,67.06667782850022,0.020577441548970565,-0.0,2.2896453794332685
feature_strength4,0.048749228655844155,2.867627558596508,2.452654105424773,170.54705710806263,0.019876112391070865,-0.0,2.401293464173357
feature_strength5,0.050759000322077925,2.746766270051226,2.460476558316375,145.758751711892,0.020629743514732235,-0.0,2.2883138752206325
feature_strength6,0.050736244161038974,2.761393272845816,2.4714188607522383,337.35473173826296,0.020529196797339375,-0.0,2.30519706499846
feature_strength7,0.05013968387402598,2.806241820367438,2.4993087269728,289.5876937221768,0.020061420717222046,-0.0,2.3694594105218045
feature_strength8,0.05059167380779221,2.7891118532631056,2.492207894952899,165.61556199826774,0.020299941232931676,-0.0,2.372992807944654
feature_strength9,0.05009761727142857,2.93345334777418,2.5077588873633574,inf,0.019977047045420266,-0.0,2.3792674130537725
feature_strength10,0.05070006570519481,2.788445295501262,2.4626080856262123,313.8706868684413,0.02058795550990095,-0.0,2.295754826690707
feature_strength11,0.04967338326883118,2.831867946338578,2.423374136419351,823.841810985285,0.020497612202062178,-0.0,2.3245221105899208
feature_strength12,0.05055966011818181,2.7749254459678085,2.4660900066337557,162.90224012499425,0.02050195247625872,-0.0,2.2851557535786626
feature_strength13,0.05078351937272727,2.7383012821641204,2.462828666443186,153.26195155260334,0.020619996861604168,-0.0,2.296491178447207
feature_strength14,0.049026222996103895,2.6246903422668644,2.3969751404416337,236.3562528023562,0.02045337148847985,-0.0,2.216317436256748
feature_strength15,0.05066813393246753,2.7763980322214623,2.4852304622082855,215.6754323245869,0.020387700337233784,-0.0,2.325433748201956
feature_strength16,0.050840910355844156,2.791730467816937,2.4833157018434204,270.688108080163,0.020472995164530963,-0.0,2.3130154324449235
feature_strength17,0.05075279730909091,2.7893141425291015,2.4776693599308395,270.9357920270171,0.020484088042525415,-0.0,2.306215692257851
feature_strength18,0.05068927995454547,2.7791256933415136,2.473593442044214,318.2996968512188,0.020492162977540522,-0.0,2.3241845090812774
feature_strength19,0.050234846199999995,2.6455005439870347,2.4272603628274974,71.69833639495772,0.020696109477716596,-0.0,2.274855014607435
feature_strength20,0.05076962450389611,2.7884178427048076,2.4682229340406523,223.80822848020316,0.020569302636201794,-0.0,2.2973101395056084
feature_strength21,0.04998167810389611,2.843283155146547,2.452006301567966,427.7652526489384,0.020383992517447734,-0.0,2.3654741128310017
feature_strength22,0.049922675236363644,2.9514867180718545,2.5120319816806433,inf,0.019873423427899,-0.0,2.3824969676257224
feature_strength23,0.05083106805974026,2.7805179191277554,2.4904440128430227,427.6553118059118,0.020410444000189713,-0.0,2.312080284560604
feature_strength24,0.05087483471948051,2.8347198135117693,2.4709338164647425,inf,0.020589315011386684,-0.0,2.3289478435237903
feature_strength25,0.0505071973883117,2.7223828603365554,2.4672021888988085,134.26871617225822,0.020471446408230808,-0.0,2.304954698657558
feature_strength26,0.05059405597012987,2.7858095336322446,2.493203955201663,192.42730016435763,0.02029278666294975,-0.0,2.3360992248429087
feature_strength27,0.05053175217662338,2.7678235569523117,2.4934518081403163,119.91931008792655,0.020265782563614627,-0.0,2.3274967849675128
feature_strength28,0.05052813031038961,2.7961431480502,2.4991533259968963,204.7353606728418,0.020218099379810665,-0.0,2.3683393559316914
feature_strength29,0.05090559227792208,2.8575005888001686,2.4797522664421114,inf,0.02052849914356977,-0.0,2.34411403492556
feature_strength30,0.05055472739480519,2.7326977815204,2.4667878967165704,145.64720691033273,0.020494152522029276,-0.0,2.3000998986763235
feature_strength31,0.050589068301298716,2.772705863828482,2.4731521590350645,185.10740771541597,0.020455299572443922,-0.0,2.3246782921847275
feature_strength32,0.0506174361935065,2.7848521571743734,2.4692471754820353,317.4593161675859,0.02049913702285604,-0.0,2.324068065883322
feature_strength33,0.050561345925974034,2.7779445622439893,2.4802442881479307,173.73838545817625,0.02038563143460745,-0.0,2.3280420128243366
feature_strength34,0.04888577462467533,2.5346387719287486,2.3693887842967816,89.98341781717335,0.020632230112958984,-0.0,2.182648942630376
feature_strength35,0.049999124264935066,2.8198412696813504,2.505914424472852,315.82824014633803,0.019952446810091274,-0.0,2.381188921785341
feature_strength36,0.05072240109480519,2.814112418227334,2.4686750439377825,379.4969245301747,0.02054640655089943,-0.0,2.3113132537866607
feature_strength37,0.050779089971428576,2.7912086839330845,2.476508388656306,330.282601274433,0.02050430767932108,-0.0,2.3238302334732963
feature_strength38,0.050782116581818186,2.7925896208537937,2.470808600164181,291.9586302049217,0.020552833019297327,-0.0,2.314706592423103
feature_dexterity1,0.051103047515584414,2.830354532367174,2.4690713571045815,398.6795147447645,0.02069727445038757,-0.0,2.310936241772206
feature_dexterity2,0.05087252586233766,3.038274343311173,2.546971420252102,185.64677676734573,0.01997373251141634,-0.0,2.362847584750798
feature_dexterity3,0.04963610503506493,3.2274603886820947,2.690939060560988,59.18182589032288,0.01844564440813355,-0.0,2.527697808078452
feature_dexterity4,0.046638536797402604,2.634795220675696,2.629330362834475,25.304825958224086,0.01773780026147998,-0.0020484395000000544,2.4008025023384736
feature_dexterity5,0.05048843022207793,3.2995288362409,2.618753890522265,inf,0.01927956285040932,-0.0,2.441615899486628
feature_dexterity6,0.048224219825974024,3.1503768233348026,2.761354232236707,30.51511948035018,0.017463974474188425,-0.000386435500000005,2.556157961253104
feature_dexterity7,0.04664797510779221,2.5669949796541816,2.6284285794646967,22.48024801099043,0.017747476751790794,-0.003538299699999964,2.398698596604686
feature_dexterity8,0.049537537567532465,3.2133554837385994,2.6706730845339877,83.33842180207749,0.01854870888331748,-0.0,2.5101254563972737
feature_dexterity9,0.05092673599350649,2.8165470761745275,2.480168512276848,765.8904804163262,0.020533578965065826,-0.0,2.345168136415428
feature_dexterity10,0.05083824421688311,3.025405949856592,2.550982066373316,95.19131951118561,0.019928891263888384,-0.0,2.3647694984329606
feature_dexterity11,0.04865723166493506,3.0376968626117478,2.7173488278422924,29.487735493146833,0.01790614114992784,-0.0008907905999999396,2.472678548757914
feature_dexterity12,0.04879264092857143,3.0018931705976817,2.7061817379760065,57.52245864748854,0.01803006806374511,-0.0,2.5246487205669514
feature_dexterity13,0.05043715081038961,3.2754544323633956,2.6211871231802624,250.1505649840016,0.019242102314768996,-0.0,2.4435683181466312
feature_dexterity14,0.04902834999999999,2.942615918172839,2.673364029237454,50.141100020415536,0.018339571215815587,-0.0,2.4932044651617398
feature_constitution1,0.05044652075064935,2.727322794324661,2.4517685747377995,163.57950378936582,0.02057556380746265,-0.0,2.2739474529526897
feature_constitution2,0.05091373564155845,2.7763214915015535,2.4672881935246234,291.8784738759269,0.02063550410332328,-0.0,2.3083698148934886
feature_constitution3,0.05065442561818183,2.8006432338215212,2.4712191744819907,297.7619394664226,0.020497747080163317,-0.0,2.3260261057816773
feature_constitution4,0.050955866074025975,2.834444080980632,2.505944332612123,inf,0.02033399761155551,-0.0,2.324305961667687
feature_constitution5,0.050768946683116885,2.782978192463791,2.480809862551453,297.47340094789644,0.020464666579042962,-0.0,2.325443814258787
feature_constitution6,0.05081207483506494,2.7503863205744636,2.4778729337568,326.576090323026,0.020506327884225593,-0.0,2.3177658762269613
feature_constitution7,0.0508971455909091,2.8391756947197964,2.47419995578965,451.58628121561935,0.02057115289805471,-0.0,2.3532235620401236
feature_constitution8,0.050682376767532455,2.811256949082456,2.4522430176910333,inf,0.020667762698027226,-0.0,2.309737821634424
feature_constitution9,0.05057750522077923,2.707207067017164,2.4195476053350276,311.07256649778174,0.020903703282901892,-0.0,2.219910113994842
feature_constitution10,0.050840733885714286,2.767694561572482,2.477807652500925,307.80157901046624,0.020518434445223874,-0.0,2.326820095439551
feature_constitution11,0.05071661684025974,2.8008078840593074,2.46376601511226,294.66865426831646,0.02058499732895653,-0.0,2.322992698896823
feature_constitution12,0.050803604445454544,2.745621215498914,2.4500538845233284,146.79863566928967,0.020735709025166468,-0.0,2.284468599150119
feature_constitution13,0.05092768238311689,2.8244855121894896,2.469164678081765,1143.3145316909338,0.020625470158062275,-0.0,2.3315188017666473
feature_constitution14,0.050286566357142855,2.6168547949503727,2.3899021792785096,71.54854969301016,0.021041265535112375,-0.0,2.2586984029376436
feature_constitution15,0.05059447092077922,2.7853007186382808,2.4596570344405615,983.9394531131887,0.020569725865169943,-0.0,2.308142972132915
feature_constitution16,0.0506055649987013,2.7798215477206334,2.4751991731968586,295.322919964445,0.020445047633617854,-0.0,2.3299708322075574
feature_constitution17,0.050759707751948054,2.8187721932541248,2.473195946074226,inf,0.020523932942927703,-0.0,2.3292921620263844
feature_constitution18,0.0506887884051948,2.797287199018249,2.446006690894285,155.07714666837367,0.020723078392995916,-0.0,2.2991794189167383
feature_constitution19,0.0507448444896104,2.772331788342008,2.4705528471574074,271.5759991294473,0.0205398741208863,-0.0,2.276135535690659
feature_constitution20,0.050547619662337666,2.6942287301962407,2.4680097284802054,166.9990233853975,0.020481126585130915,-0.0,2.294498742908162
feature_constitution21,0.05053254521818182,2.7118269572594613,2.448700659239586,287.83524515299774,0.020636473072978254,-0.0,2.300639544124779
feature_constitution22,0.05081736311948052,2.77987372370846,2.4721978482162474,1200.1404292246198,0.020555540551152295,-0.0,2.3102855081672673
feature_constitution23,0.0506092684051948,2.7989486355840296,2.4703173807161525,263.7173267108109,0.020486949895694384,-0.0,2.317366045900263
feature_constitution24,0.05056460678051948,2.7701733385087155,2.4589020843246434,310.30343823100003,0.02056389601800978,-0.0,2.3111381686205883
feature_constitution25,0.050802620231168834,2.782052913943068,2.4759626626429467,1540.0756127339712,0.02051833050541238,-0.0,2.3124564776755365
feature_constitution26,0.050569913125974024,2.7235894505677196,2.470044713539219,255.0745118327032,0.020473278418314384,-0.0,2.3037385933704027
feature_constitution27,0.05089992758441558,2.8347290630946045,2.478137831503522,867.7379011396546,0.020539586998489855,-0.0,2.3477440923634765
feature_constitution28,0.050602897159740264,2.8018889604345216,2.465461802366296,374.35107762411633,0.02052471350850892,-0.0,2.3170372592623845
feature_constitution29,0.050850882966233774,2.7805198216497575,2.4722750434702583,180.42049801554992,0.02056845701716744,-0.0,2.2852326886928274
feature_constitution30,0.049754508175324674,2.5304246556433614,2.388252954994058,133.00034135655105,0.02083301438873273,-0.0,2.226749846405581
feature_constitution31,0.05070646533896104,2.800411927990657,2.5032230500532604,199.72049420760825,0.020256471087497445,-0.0,2.327666359584747
feature_constitution32,0.050747341935064944,2.7593135029169593,2.4821240730768364,360.20369161770424,0.020445127012590728,-0.0,2.318741604591118
feature_constitution33,0.05065947032597403,2.752531527402011,2.4404804615719535,4470.524126021272,0.020757990536561573,-0.0,2.2352090465432193
feature_constitution34,0.05059200433896104,2.7216999713984467,2.4971924662930047,319.5890296790661,0.020259553487306133,-0.0,2.3107023802443702
feature_constitution35,0.050905786892207795,2.793455008257853,2.48900929101316,310.0925341692288,0.020452228553749757,-0.0,2.3182738783832124
feature_constitution36,0.050621751296103905,2.7492175759482813,2.5013174764506947,318.72385420493055,0.02023803526449384,-0.0,2.317541908189515
feature_constitution37,0.05050153824935065,2.750784755201224,2.4486881836929992,333.79805087278584,0.020623915525735313,-0.0,2.298781037761378
feature_constitution38,0.050354394614285716,2.8083662524036597,2.417586064910214,inf,0.020828377258269734,-0.0,2.27981162225118
feature_constitution39,0.05069714160909091,2.785116963579801,2.4522623820741365,232.4763548231349,0.020673620400363114,-0.0,2.3020708092456883
feature_constitution40,0.05069149581038961,2.7976405232239343,2.473065319101602,297.31917097198857,0.020497435073330156,-0.0,2.3360315233721556
feature_constitution41,0.05048310193376623,2.767874221090882,2.461981832595439,inf,0.020505066798379493,-0.0,2.3129601194694613
feature_constitution42,0.04990592221688312,2.580788774394321,2.3919744839922745,114.7186163089057,0.020863902416546138,-0.0,2.269050899829199
feature_constitution43,0.05052607372727274,2.7523228418457037,2.4611852826833065,212.90213103667023,0.020529162953626435,-0.0,2.298716692839616
feature_constitution44,0.05081552076883117,2.8309976626930817,2.4862775781438673,inf,0.02043839401341806,-0.0,2.318026477214627
feature_constitution45,0.05088556578961039,2.800456601335418,2.4860338174200547,384.37514341504664,0.02046857344942242,-0.0,2.321454262602326
feature_constitution46,0.05038982341038961,2.7252999120271517,2.42263369895334,149.97327675660316,0.020799604757483447,-0.0,2.2331218232474908
feature_constitution47,0.050928832598701304,2.8074130769747985,2.4848895797729176,410.1814996035705,0.02049541074712682,-0.0,2.3333623196395523
feature_constitution48,0.050790257641558444,2.758499022538269,2.4740918268156653,285.8957125933993,0.02052884904717913,-0.0,2.311440833766624
feature_constitution49,0.05091909768831168,2.8554152925433343,2.4894364948926273,inf,0.020454065726431752,-0.0,2.3266435769795786
feature_constitution50,0.050891173979220786,2.7918215442334184,2.4772074219315505,157.38729362526365,0.02054376776392001,-0.0,2.293431320417348
feature_constitution51,0.05038805053506494,2.6285692216386125,2.4236126094216632,80.60415226679893,0.020790472181562398,-0.0,2.264998632086066
feature_constitution52,0.05072977289870129,2.705939899420708,2.4508739683943537,67.36132965013039,0.020698646096411068,-0.0,2.2813060079058793
feature_constitution53,0.05086336314025974,2.8072633525805117,2.4852981520785464,293.0067394333739,0.020465698692014412,-0.0,2.316207471145613
feature_constitution54,0.050912909236363636,2.7953163126151868,2.482208530958024,274.9201912972971,0.020511132969442125,-0.0,2.3065823212316854
feature_constitution55,0.05078887385584416,2.851963110829374,2.4802854896643916,inf,0.020477027369424486,-0.0,2.318645124095702
feature_constitution56,0.04997654573116884,2.7844240357339816,2.426950143350461,inf,0.020592324843630723,-0.0,2.2764432646969084
feature_constitution57,0.050768406961038966,2.7628620350051447,2.479181804469548,399.9778783476268,0.020477887853771783,-0.0,2.327247643488652
feature_constitution58,0.050431689289610386,2.836142043580895,2.4955197537029843,570.7272589487485,0.020208892041338154,-0.0,2.3402966239219527
feature_constitution59,0.050339991,2.632286514979161,2.4179582770131645,122.529594578493,0.02081921407766538,-0.0,2.262295702187412
feature_constitution60,0.05081387852857143,2.7743976130275136,2.439360861181624,202.18565214284055,0.020830816521323226,-0.0,2.244672742755984
feature_constitution61,0.05071533606623377,2.731293222225409,2.4193046504609224,85.1477943214371,0.02096277376913716,-0.0,2.2450976270426457
feature_constitution62,0.050557026070129865,2.7408551187081716,2.465304198774116,199.13223172217013,0.020507418960820162,-0.0,2.2813656776648923
feature_constitution63,0.05066624232077922,2.7007556762314944,2.4562379942817363,371.27760738627325,0.02062757861360876,-0.0,2.27922499564142
feature_constitution64,0.050835536411688316,2.812641579353111,2.482829803447994,327.2533231395517,0.02047483735739405,-0.0,2.320937701688521
feature_constitution65,0.05070262600259741,2.708958596991667,2.4577702063515376,548.0532132028051,0.02062952259392201,-0.0,2.27872455296448
feature_constitution66,0.050856215703896104,2.8245786689051418,2.4958955920625057,inf,0.020375938747450015,-0.0,2.331397218194468
feature_constitution67,0.05039732023376623,2.8600002554914896,2.4402110522256955,inf,0.020652853034084602,-0.0,2.298436205555525
feature_constitution68,0.05049880284545455,2.824269962780993,2.4868084921253755,362.3899985034224,0.02030667138437156,-0.0,2.3327796627438695
feature_constitution69,0.050769315744155843,2.7701530410746247,2.454841770502355,90.07430399388292,0.02068129862959212,-0.0,2.28673997868139
feature_constitution70,0.05054238432467534,2.707246261077664,2.446486721933871,292.81324398593506,0.02065916968669389,-0.0,2.2967126331143612
feature_constitution71,0.05072222309870131,2.7680168670954006,2.472547671269116,269.50127098573665,0.020514153756504307,-0.0,2.3048782148572218
feature_constitution72,0.050473791225974035,2.7697793498884367,2.484483603968539,155.68212320317278,0.020315606488749114,-0.0,2.3021024311314107
feature_constitution73,0.05080537363116883,2.78905883675479,2.461074982935483,247.53535596656423,0.020643569977932968,-0.0,2.2886144668636965
feature_constitution74,0.05075241136883116,2.7805511492668784,2.4821593441301926,291.4575119849155,0.02044687883912465,-0.0,2.3234505835731314
feature_constitution75,0.0508245125948052,2.7881037708482284,2.4704663898646175,2743.285247089199,0.02057284114583336,-0.0,2.3230866480064543
feature_constitution76,0.05005076539350649,2.9471547962667928,2.4574685357069534,inf,0.02036679805510027,-0.0,2.369874976357083
feature_constitution77,0.050805981162337664,2.7611504985127224,2.477510077952328,234.40121450680087,0.020506871642810436,-0.0,2.3072143041727093
feature_constitution78,0.05083401845194806,2.777166107156421,2.4757939227199133,272.92526349034205,0.020532411032054592,-0.0,2.2831857165990646
feature_constitution79,0.05094856789740259,2.8228887251685726,2.4688244057743187,769.7006667990383,0.020636772618676035,-0.0,2.336348522223961
feature_constitution80,0.050493889759740264,2.7460077534766976,2.4605260727574723,206.2547810590685,0.020521582891886436,-0.0,2.2888769375052505
feature_constitution81,0.05018783305714286,2.6111165233245424,2.413873882574618,111.75056526229822,0.02079140646884705,-0.0,2.2633887025741446
feature_constitution82,0.05064953659090909,2.7817153334059785,2.4716173586224923,205.82353532241638,0.02049246677047843,-0.0,2.3239849344376546
feature_constitution83,0.05042045083766234,2.8085189336843364,2.4782131626391033,239.24247898672138,0.02034548585157562,-0.0,2.3103700068199204
feature_constitution84,0.05052055657662338,2.7355780577172797,2.4708536890311894,200.36668634503812,0.020446599813213652,-0.0,2.3036009696595268
feature_constitution85,0.050436670832467535,2.7458761593851126,2.4584665365155502,203.8446684316928,0.020515500245105133,-0.0,2.2990568078166027
feature_constitution86,0.05121677952597402,2.8169684612314425,2.460915209566283,322.9539855906732,0.020812086221776237,-0.0,2.342275590281705
feature_constitution87,0.050555750159740266,2.739530917052416,2.4256702362863862,123.87326623499737,0.020841971593442685,-0.0,2.2292997057732356
feature_constitution88,0.050852832438961035,2.7717686632826624,2.511422613988327,120.93802008850173,0.020248616125265725,-0.0,2.338706096009804
feature_constitution89,0.04978791737532467,2.914140720819477,2.456699384624492,inf,0.02026618221461181,-0.0,2.3369841963746967
feature_constitution90,0.050799471167532466,2.7782938885546207,2.489954714122955,129.52162073589682,0.02040176509211162,-0.0,2.307348553307001
feature_constitution91,0.04999123317792208,2.785407412239722,2.4513663882200967,inf,0.020393211483257723,-0.0,2.305468006553008
feature_constitution92,0.05079653480779221,2.7856731769370553,2.4793533595046835,285.1176159879217,0.020487815749643756,-0.0,2.3096529470652167
feature_constitution93,0.050786311662337665,2.8336643249176774,2.498274825567744,inf,0.020328552784738666,-0.0,2.3240027666215375
feature_constitution94,0.0510636679025974,2.8007691363712124,2.455987123994979,298.3913412732973,0.02079150472887487,-0.0,2.332268647505054
feature_constitution95,0.05094661135584416,2.7884081250450055,2.473039686313242,266.595794749605,0.020600806221510483,-0.0,2.2773442825328534
feature_constitution96,0.05079750553766234,2.81389535977487,2.4558349394009213,177.72689260550047,0.020684413566513526,-0.0,2.3005578900194896
feature_constitution97,0.05067780072467533,2.822640983841755,2.4486604836745993,269.79221678763776,0.020696132053646465,-0.0,2.2898493503440944
feature_constitution98,0.05077137840389611,2.7884077160453704,2.4781420101445657,268.80479001934447,0.02048767915480933,-0.0,2.3040562107681044
feature_constitution99,0.050885722579220784,2.8205521510617957,2.49036528858928,286.8475364009812,0.020433035592158477,-0.0,2.31866594955017
feature_constitution100,0.05030749742077922,2.7815987442662964,2.472628371952056,202.17981822677922,0.02034575757175477,-0.0,2.3209251493629046
feature_constitution101,0.05095670185844156,2.734495100063868,2.461403129220148,112.64715598539372,0.020702298316564782,-0.0,2.2840170267242503
feature_constitution102,0.05019496630129871,2.8099368278249877,2.458346784136579,inf,0.020418179658460267,-0.0,2.3091595715832933
feature_constitution103,0.050557310819480526,2.7775446368736607,2.4945093636388083,160.49626581068748,0.020267436777920613,-0.0,2.309392377952533
feature_constitution104,0.0505756639012987,2.798510078200028,2.5082671245988744,203.96007075612152,0.02016358760408616,-0.0,2.3278026683148325
feature_constitution105,0.05080817195584416,2.7735162319931477,2.504023015077407,365.71489313818074,0.02029061699909077,-0.0,2.3229171378208804
feature_constitution106,0.0508082266051948,2.7724239089893445,2.4691266720221217,449.56188632511964,0.020577407866881444,-0.0,2.3083665131470728
feature_constitution107,0.05075382421948051,2.799856922985767,2.442922060101194,181.7495431934354,0.020775867166788826,-0.0,2.2830934479700553
feature_constitution108,0.05047755348311688,2.733209911493117,2.458292322901237,470.35644258635324,0.020533584640391376,-0.0,2.3046527558577328
feature_constitution109,0.0507774179116883,2.74622853307568,2.494689322705416,280.5175347522849,0.02035420501043461,-0.0,2.2921819808633215
feature_constitution110,0.050054686745454546,2.77786349906411,2.437722902067633,inf,0.020533378384802906,-0.0,2.278701548634052
feature_constitution111,0.05031237721428572,2.8574661830610824,2.432768379093552,657.0515006892551,0.020681121000525368,-0.0,2.277746199184073
feature_constitution112,0.05065024917792208,2.7484736207686766,2.447557277934038,209.09800813950815,0.020694203822954255,-0.0,2.273886109538443
feature_constitution113,0.05086204115324676,2.7570087850586336,2.4840066529045504,330.81430343744904,0.020475807137542785,-0.0,2.303221392911098
feature_constitution114,0.050410619002597405,2.8549322746557033,2.434828419462015,inf,0.020703971828017285,-0.0,2.301223924992479
feature_wisdom1,0.05084316482597403,2.7763670666210465,2.473694357985695,262.3994809814817,0.02055353550928382,-0.0,2.3057207511361217
feature_wisdom2,0.05093501861038962,2.7653474583633186,2.4871304531052183,299.53725907109,0.020479431847572175,-0.0,2.321055050308007
feature_wisdom3,0.05069017904415584,2.7995028360448426,2.4790967231127605,203.33556733779892,0.020447035636636683,-0.0,2.326599154643195
feature_wisdom4,0.050783322358441574,2.777897531886171,2.4972557702256,273.08379715853965,0.020335651223204042,-0.0,2.3115420472753123
feature_wisdom5,0.050404352307792215,2.7191854588139153,2.4239008859637545,inf,0.02079472498222682,-0.0,2.2821184426277084
feature_wisdom6,0.05056637106233767,2.6551100381324892,2.4578502132876343,265.23197784442607,0.020573414437123003,-0.0,2.3264963872930404
feature_wisdom7,0.05080462714935065,2.773436375482841,2.4875788375894734,298.63332373961117,0.020423323426638253,-0.0,2.3200465307720353
feature_wisdom8,0.050702283359740266,2.783031191629554,2.5209210995607383,1137.9613777455727,0.020112602242321254,-0.0,2.4134397584190896
feature_wisdom9,0.05052013666623378,2.6630539045539847,2.4551135599999934,78.13204872887304,0.020577515227537545,-0.0,2.3123818394911537
feature_wisdom10,0.050936496385714285,2.8020443754656723,2.47419185828242,403.70903736596495,0.02058712472729351,-0.0,2.3130887228356145
feature_wisdom11,0.05051442727142857,2.670102831771024,2.463074117057847,247.93969043771548,0.020508691525599837,-0.0,2.3248662772157473
feature_wisdom12,0.05092851864415584,2.7573879852332084,2.4866207741179003,303.5730721480177,0.020481015510787782,-0.0,2.3242191455020063
feature_wisdom13,0.050639516002597404,2.8147414219673763,2.469448564102093,206.76573192487766,0.02050640646609712,-0.0,2.3022273083988436
feature_wisdom14,0.0508774520038961,2.777277951665239,2.485386706588317,469.7264207657683,0.020470638178368403,-0.0,2.3058625853952437
feature_wisdom15,0.05046808288051948,2.8296667779137,2.4920395918543443,514.6286686356495,0.020251717928351943,-0.0,2.34223824490509
feature_wisdom16,0.050842580663636366,2.7983392874029125,2.489296600135935,386.5596380293447,0.020424476802346478,-0.0,2.305806560248674
feature_wisdom17,0.05073615415714285,2.760390100875074,2.461602221663538,369.8837504530779,0.020611028748119844,-0.0,2.30778280665401
feature_wisdom18,0.05040489967402598,2.690604324829678,2.4326261093614576,226.84277209333803,0.020720364498289796,-0.0,2.308896152154717
feature_wisdom19,0.050942737041558446,2.787519045172767,2.4605226709536363,397.5319352179912,0.020704030750431708,-0.0,2.319064291538435
feature_wisdom20,0.05065919266493507,2.800431045437696,2.469216013155287,328.2073641357633,0.0205163065503533,-0.0,2.2919066948647373
feature_wisdom21,0.05036960490389611,2.8332827409606622,2.4939213511146527,313.88655729630494,0.02019695002867012,-0.0,2.346560356399221
feature_wisdom22,0.05051140613636364,2.7022410356472215,2.463041384797692,108.83520197320614,0.020507737485910137,-0.0,2.3246945351711608
feature_wisdom23,0.049281347741558436,2.7728107747447654,2.4013587153611806,inf,0.02052227658713046,-0.0,2.1450045378063325
feature_wisdom24,0.050631058012987014,2.8238231712906994,2.4872319094651116,189.5470781695763,0.020356388087621233,-0.0,2.3214015228476557
feature_wisdom25,0.05045167221168832,2.7521863717268586,2.4637789695246477,253.03352829140732,0.020477353218670537,-0.0,2.32274150657988
feature_wisdom26,0.05083210232077922,2.7950120898561344,2.5064497538751485,inf,0.02028051918542919,-0.0,2.391118343452293
feature_wisdom27,0.05053008404025975,2.8023818562000713,2.484449565056757,2501.4133988433655,0.02033854289133271,-0.0,2.3411657244211184
feature_wisdom28,0.05049911153246754,2.8344313693482905,2.4933259627638353,182.11743604274386,0.02025371423016412,-0.0,2.3359235119164112
feature_wisdom29,0.050778093706493506,2.779052442815709,2.468517932656937,865.7766293464023,0.020570275400770367,-0.0,2.3017292928352218
feature_wisdom30,0.050825663466233774,2.761056984374106,2.4886637763496857,275.7515615565462,0.020422872687440197,-0.0,2.309327237065937
feature_wisdom31,0.04994878062987013,2.8135104878980473,2.5284483824375594,133.12513848221624,0.019754716361548515,-0.0,2.395273145673301
feature_wisdom32,0.04949042868571428,2.8145671330661264,2.394762239712415,inf,0.0206661136813555,-0.0,2.170360773962283
feature_wisdom33,0.05069920112987013,2.809863442847278,2.488226941961857,331.47061808785014,0.020375633859946892,-0.0,2.323674057129889
feature_wisdom34,0.05066084266883116,2.8027722005482616,2.479384802740238,240.3287667874843,0.02043282777761659,-0.0,2.2955061288874195
feature_wisdom35,0.0506741467987013,2.7933159467949773,2.47916744271028,163.6830317737729,0.020439985587783947,-0.0,2.291879500705621
feature_wisdom36,0.04913407184285714,2.625287484420966,2.499835907078014,48.433629645713516,0.019654918830367765,-0.0,2.368442149757345
feature_wisdom37,0.050066005067532476,2.818576770812449,2.5241087121519814,138.9992847762646,0.01983512232515836,-0.0,2.4063449374364088
feature_wisdom38,0.05034524593246754,2.817463785446874,2.51691809446229,179.57900967900244,0.0200027351081614,-0.0,2.3762119138768694
feature_wisdom39,0.04993541057272728,2.8128458958621754,2.5211240058087236,144.8297670285032,0.019806804606863855,-0.0,2.3899888678920425
feature_wisdom40,0.05021324976883117,2.7556877485226963,2.4249761029945756,inf,0.02070669880285558,-0.0,2.282397448891232
feature_wisdom41,0.05036367686753247,2.6735925170231196,2.421906486282054,inf,0.02079505428999753,-0.0,2.286611616961988
feature_wisdom42,0.048872023906493506,2.614914804499571,2.5090637580054134,41.72620687006824,0.019478191317603043,-0.0,2.3704831648277374
feature_wisdom43,0.0506569018883117,2.796882041884346,2.482626818482995,289.7438541142706,0.020404557588427855,-0.0,2.3315222005480907
feature_wisdom44,0.05010011534805195,2.7754564437090283,2.4260649101193996,inf,0.02065077283756033,-0.0,2.2924151902352934
feature_wisdom45,0.050871733875324676,2.799641392939823,2.4840573295100303,338.02743933836354,0.02047929138791612,-0.0,2.2962211674461814
feature_wisdom46,0.050784958314285714,2.77164462598962,2.50071571402025,289.02670465950706,0.02030816938909133,-0.0,2.3264540062019745
